"Curso ID","Curso","Tema #","Tema","Preguntas","Estado video","URL actual","Dónde editar"
"algebra","Álgebra","1","Números reales y sus operaciones","40","PENDIENTE","","json/videos-cursos.json"
"algebra","Álgebra","2","Intervalos y valor absoluto","40","PENDIENTE","","json/videos-cursos.json"
"algebra","Álgebra","3","Números complejos","40","PENDIENTE","","json/videos-cursos.json"
"algebra","Álgebra","4","Potencias y expresiones algebraicas","40","PENDIENTE","","json/videos-cursos.json"
"algebra","Álgebra","5","Productos y cocientes notables","40","PENDIENTE","","json/videos-cursos.json"
"algebra","Álgebra","6","División de polinomios y teorema del resto","40","PENDIENTE","","json/videos-cursos.json"
"algebra","Álgebra","7","Factorización, MCD y MCM de polinomios","40","PENDIENTE","","json/videos-cursos.json"
"algebra","Álgebra","8","Radicales y racionalización","40","PENDIENTE","","json/videos-cursos.json"
"algebra","Álgebra","9","Ecuaciones polinómicas","40","PENDIENTE","","json/videos-cursos.json"
"algebra","Álgebra","10","Inecuaciones polinómicas, fraccionarias e irracionales","40","PENDIENTE","","json/videos-cursos.json"
"algebra","Álgebra","11","Sistemas de ecuaciones lineales","40","PENDIENTE","","json/videos-cursos.json"
"algebra","Álgebra","12","Sistemas de inecuaciones e interpretación geométrica","40","PENDIENTE","","json/videos-cursos.json"
"algebra","Álgebra","13","Matrices y determinantes","40","PENDIENTE","","json/videos-cursos.json"
"algebra","Álgebra","14","Funciones, exponenciales y logaritmos","40","PENDIENTE","","json/videos-cursos.json"
"anatomia","Anatomía","1","Generalidades de anatomía","40","PENDIENTE","","json/videos-cursos.json"
"anatomia","Anatomía","2","Sistema locomotor","40","PENDIENTE","","json/videos-cursos.json"
"anatomia","Anatomía","3","Sistema digestivo","40","PENDIENTE","","json/videos-cursos.json"
"anatomia","Anatomía","4","Sistema respiratorio","40","PENDIENTE","","json/videos-cursos.json"
"anatomia","Anatomía","5","Sistema circulatorio","40","PENDIENTE","","json/videos-cursos.json"
"anatomia","Anatomía","6","Sistema excretor","40","PENDIENTE","","json/videos-cursos.json"
"anatomia","Anatomía","7","Sistema reproductor","40","PENDIENTE","","json/videos-cursos.json"
"anatomia","Anatomía","8","Sistema endocrino","40","PENDIENTE","","json/videos-cursos.json"
"anatomia","Anatomía","9","Sistema nervioso","40","PENDIENTE","","json/videos-cursos.json"
"anatomia","Anatomía","10","Promoción de la salud","40","PENDIENTE","","json/videos-cursos.json"
"aritmetica","Aritmética","1","Conjuntos y operaciones con conjuntos","40","LISTO","https://youtu.be/B0jJzAizZrY","json/videos-cursos.json"
"aritmetica","Aritmética","2","Sistemas numéricos naturales y enteros","40","LISTO","https://youtu.be/qTMraGLvzrs","json/videos-cursos.json"
"aritmetica","Aritmética","3","Sistemas numéricos racionales","40","LISTO","https://youtu.be/rsdJpbKUOqk","json/videos-cursos.json"
"aritmetica","Aritmética","4","Sistema de numeración","40","LISTO","https://youtu.be/mZ_416HxjSw","json/videos-cursos.json"
"aritmetica","Aritmética","5","Divisibilidad","40","LISTO","https://youtu.be/1j5Uibt6pZ8","json/videos-cursos.json"
"aritmetica","Aritmética","6","Números primos","40","LISTO","https://youtu.be/35FOvl2HM7o","json/videos-cursos.json"
"aritmetica","Aritmética","7","Máximo común divisor y mínimo común múltiplo","40","LISTO","https://youtu.be/wvrfNk7TilQ","json/videos-cursos.json"
"aritmetica","Aritmética","8","Razones y proporciones","40","LISTO","https://youtu.be/h69wkPWAkdg","json/videos-cursos.json"
"aritmetica","Aritmética","9","Magnitudes proporcionales","40","LISTO","https://youtu.be/eIyIRO2N5KQ","json/videos-cursos.json"
"aritmetica","Aritmética","10","Regla de tres y porcentajes","40","LISTO","https://youtu.be/S7H8uvDOvUw | https://youtu.be/mvjK0P59d6s","json/videos-cursos.json"
"aritmetica","Aritmética","11","Interés simple y compuesto","40","LISTO","https://youtu.be/mqeVbLGyAL0","json/videos-cursos.json"
"aritmetica","Aritmética","12","Estadística y probabilidad","40","LISTO","https://youtu.be/cMQj9pbHmC4 | https://youtu.be/9aRg78yOTqk","json/videos-cursos.json"
"biologia","Biología","1","Fundamentos de la biología","40","PENDIENTE","","json/videos-cursos.json"
"biologia","Biología","2","Clasificación de los seres vivos","40","PENDIENTE","","json/videos-cursos.json"
"biologia","Biología","3","Bioquímica","40","PENDIENTE","","json/videos-cursos.json"
"biologia","Biología","4","Célula","40","PENDIENTE","","json/videos-cursos.json"
"biologia","Biología","5","Histología animal","40","PENDIENTE","","json/videos-cursos.json"
"biologia","Biología","6","Histología vegetal","40","PENDIENTE","","json/videos-cursos.json"
"biologia","Biología","7","Nutrición y metabolismo","40","PENDIENTE","","json/videos-cursos.json"
"biologia","Biología","8","Sistemas biológicos en plantas y animales","40","PENDIENTE","","json/videos-cursos.json"
"biologia","Biología","9","Sistema endocrino y nervioso","40","PENDIENTE","","json/videos-cursos.json"
"biologia","Biología","10","Reproducción","40","PENDIENTE","","json/videos-cursos.json"
"biologia","Biología","11","Genética y continuidad de la vida","40","PENDIENTE","","json/videos-cursos.json"
"biologia","Biología","12","Sistema inmunitario y enfermedades","40","PENDIENTE","","json/videos-cursos.json"
"civica","Educación Cívica","1","Estado y sistema democrático","40","PENDIENTE","","json/videos-cursos.json"
"civica","Educación Cívica","2","Órganos constitucionales autónomos","40","PENDIENTE","","json/videos-cursos.json"
"civica","Educación Cívica","3","Defensa y seguridad nacional","40","PENDIENTE","","json/videos-cursos.json"
"civica","Educación Cívica","4","Ciudadanía e identidad nacional","40","PENDIENTE","","json/videos-cursos.json"
"civica","Educación Cívica","5","Convivencia democrática y valores cívicos","40","PENDIENTE","","json/videos-cursos.json"
"civica","Educación Cívica","6","Desarrollo ciudadano y formación personal","40","PENDIENTE","","json/videos-cursos.json"
"comprension_lectora","Comprensión Lectora","1","Comprensión lectora","40","PENDIENTE","","json/videos-cursos.json"
"economia","Economía","1","Fundamentos de la economía","40","PENDIENTE","","json/videos-cursos.json"
"economia","Economía","2","Necesidades, bienes y recursos","40","PENDIENTE","","json/videos-cursos.json"
"economia","Economía","3","Proceso económico y producción","40","PENDIENTE","","json/videos-cursos.json"
"economia","Economía","4","La empresa y el mercado","40","PENDIENTE","","json/videos-cursos.json"
"economia","Economía","5","Los precios","40","PENDIENTE","","json/videos-cursos.json"
"economia","Economía","6","La moneda","40","PENDIENTE","","json/videos-cursos.json"
"economia","Economía","7","El sistema financiero","40","PENDIENTE","","json/videos-cursos.json"
"economia","Economía","8","Dinámica demográfica y desarrollo económico del Perú","40","PENDIENTE","","json/videos-cursos.json"
"filosofia","Filosofía","1","Nociones fundamentales de filosofía","40","LISTO","https://youtu.be/wW5k8P9lIkM","json/videos-cursos.json"
"filosofia","Filosofía","2","Historia de la filosofía","40","LISTO","https://youtu.be/UqH_C6tmS60","json/videos-cursos.json"
"filosofia","Filosofía","3","Ética, sociedad y política","40","LISTO","https://youtu.be/dDbOA2wUHyw | https://youtu.be/cWp41S8Jlmk","json/videos-cursos.json"
"filosofia","Filosofía","4","Ciencia y conocimiento","40","LISTO","https://www.youtube.com/watch?v=naooWAeiB54","json/videos-cursos.json"
"filosofia","Filosofía","5","Lógica y teoría de la argumentación","40","LISTO","https://www.youtube.com/watch?v=ISBK7dOMnsY | https://youtu.be/hZ79eUXZW4A","json/videos-cursos.json"
"fisica","Física","1","Fundamentos de la física","40","PENDIENTE","","json/videos-cursos.json"
"fisica","Física","2","Análisis vectorial","40","PENDIENTE","","json/videos-cursos.json"
"fisica","Física","3","Movimiento en una dimensión","40","PENDIENTE","","json/videos-cursos.json"
"fisica","Física","4","Movimiento en el plano","40","PENDIENTE","","json/videos-cursos.json"
"fisica","Física","5","Dinámica y estática","40","PENDIENTE","","json/videos-cursos.json"
"fisica","Física","6","Trabajo y energía","40","PENDIENTE","","json/videos-cursos.json"
"fisica","Física","7","Mecánica de fluidos","40","PENDIENTE","","json/videos-cursos.json"
"fisica","Física","8","Temperatura y dilatación","40","PENDIENTE","","json/videos-cursos.json"
"fisica","Física","9","Calor","40","PENDIENTE","","json/videos-cursos.json"
"geografia","Geografía","1","Espacio geográfico y sus interrelaciones","40","PENDIENTE","","json/videos-cursos.json"
"geografia","Geografía","2","Geomorfología del territorio peruano","40","PENDIENTE","","json/videos-cursos.json"
"geografia","Geografía","3","Problemática ambiental y territorial","40","PENDIENTE","","json/videos-cursos.json"
"geografia","Geografía","4","Gestión de riesgos, vulnerabilidad y desastres","40","PENDIENTE","","json/videos-cursos.json"
"geografia","Geografía","5","Fuentes de información geográfica","40","PENDIENTE","","json/videos-cursos.json"
"geometria","Geometría","1","Fundamentos de geometría plana","40","PENDIENTE","","json/videos-cursos.json"
"geometria","Geometría","2","Ángulos","40","PENDIENTE","","json/videos-cursos.json"
"geometria","Geometría","3","Triángulos","40","PENDIENTE","","json/videos-cursos.json"
"geometria","Geometría","4","Polígonos","40","PENDIENTE","","json/videos-cursos.json"
"geometria","Geometría","5","Circunferencias","40","PENDIENTE","","json/videos-cursos.json"
"geometria","Geometría","6","Proporcionalidad y semejanza","40","PENDIENTE","","json/videos-cursos.json"
"geometria","Geometría","7","Relaciones métricas en triángulos y circunferencias","40","PENDIENTE","","json/videos-cursos.json"
"geometria","Geometría","8","Áreas de regiones poligonales y circulares","40","PENDIENTE","","json/videos-cursos.json"
"geometria","Geometría","9","Geometría del espacio","40","PENDIENTE","","json/videos-cursos.json"
"geometria","Geometría","10","Secciones cónicas","40","PENDIENTE","","json/videos-cursos.json"
"geometria","Geometría","11","Geometría analítica","40","PENDIENTE","","json/videos-cursos.json"
"historia","Historia Universal","1","Registro histórico y recreación del pasado","40","PENDIENTE","","json/videos-cursos.json"
"historia","Historia Universal","2","Primeras civilizaciones y mundo clásico","40","PENDIENTE","","json/videos-cursos.json"
"historia","Historia Universal","3","Edad Media","40","PENDIENTE","","json/videos-cursos.json"
"historia","Historia Universal","4","Expansión europea y mundo colonial","40","PENDIENTE","","json/videos-cursos.json"
"historia","Historia Universal","5","Absolutismo y era de las revoluciones","40","PENDIENTE","","json/videos-cursos.json"
"historia","Historia Universal","6","Revolución Industrial, imperialismo y Primera Guerra Mundial","40","PENDIENTE","","json/videos-cursos.json"
"historia","Historia Universal","7","Del siglo XX al mundo contemporáneo","40","PENDIENTE","","json/videos-cursos.json"
"historia_peru","Historia del Perú","1","Poblamiento de América y surgimiento cultural","40","PENDIENTE","","json/videos-cursos.json"
"historia_peru","Historia del Perú","2","Del Formativo a los Estados Regionales","40","PENDIENTE","","json/videos-cursos.json"
"historia_peru","Historia del Perú","3","El Tahuantinsuyo","40","PENDIENTE","","json/videos-cursos.json"
"historia_peru","Historia del Perú","4","Establecimiento del orden virreinal","40","PENDIENTE","","json/videos-cursos.json"
"historia_peru","Historia del Perú","5","Proceso de independencia americana","40","PENDIENTE","","json/videos-cursos.json"
"historia_peru","Historia del Perú","6","Política, economía y sociedad en Latinoamérica y el Perú","40","PENDIENTE","","json/videos-cursos.json"
"historia_peru","Historia del Perú","7","El Perú en el siglo XX (1920-1980)","40","PENDIENTE","","json/videos-cursos.json"
"historia_peru","Historia del Perú","8","El Perú de fines del siglo XX al siglo XXI","40","PENDIENTE","","json/videos-cursos.json"
"lenguaje","Lenguaje","1","Comunicación y realidad lingüística","40","PENDIENTE","","json/videos-cursos.json"
"lenguaje","Lenguaje","2","Fonología de la lengua española","40","PENDIENTE","","json/videos-cursos.json"
"lenguaje","Lenguaje","3","Gramática: la palabra","40","PENDIENTE","","json/videos-cursos.json"
"lenguaje","Lenguaje","4","La oración gramatical","40","PENDIENTE","","json/videos-cursos.json"
"lenguaje","Lenguaje","5","Ortografía","40","PENDIENTE","","json/videos-cursos.json"
"literatura","Literatura","1","Conceptos literarios","40","PENDIENTE","","json/videos-cursos.json"
"literatura","Literatura","2","Literatura peruana","40","PENDIENTE","","json/videos-cursos.json"
"literatura","Literatura","3","Literatura universal","40","PENDIENTE","","json/videos-cursos.json"
"medio_ambiente","Medio Ambiente","1","Fundamentos de ecología","40","PENDIENTE","","json/videos-cursos.json"
"medio_ambiente","Medio Ambiente","2","Problemas ambientales globales","40","PENDIENTE","","json/videos-cursos.json"
"medio_ambiente","Medio Ambiente","3","Conservación y desarrollo sostenible","40","PENDIENTE","","json/videos-cursos.json"
"medio_ambiente","Medio Ambiente","4","Recursos naturales","40","PENDIENTE","","json/videos-cursos.json"
"medio_ambiente","Medio Ambiente","5","Procesos ambientales aplicados","40","PENDIENTE","","json/videos-cursos.json"
"psicologia","Psicología","1","Introducción a la psicología","40","PENDIENTE","","json/videos-cursos.json"
"psicologia","Psicología","2","Bases biológicas del comportamiento","40","PENDIENTE","","json/videos-cursos.json"
"psicologia","Psicología","3","Procesos psicológicos básicos","40","PENDIENTE","","json/videos-cursos.json"
"psicologia","Psicología","4","Aprendizaje","40","PENDIENTE","","json/videos-cursos.json"
"psicologia","Psicología","5","Desarrollo humano","40","PENDIENTE","","json/videos-cursos.json"
"psicologia","Psicología","6","Personalidad e identidad","40","PENDIENTE","","json/videos-cursos.json"
"psicologia","Psicología","7","Afectividad y motivación","40","PENDIENTE","","json/videos-cursos.json"
"quimica","Química","1","Fundamentos de la química y la materia","40","PENDIENTE","","json/videos-cursos.json"
"quimica","Química","2","Estructura atómica","40","PENDIENTE","","json/videos-cursos.json"
"quimica","Química","3","Tabla periódica","40","PENDIENTE","","json/videos-cursos.json"
"quimica","Química","4","Enlace químico y fuerzas intermoleculares","40","PENDIENTE","","json/videos-cursos.json"
"quimica","Química","5","Compuestos inorgánicos y nomenclatura","40","PENDIENTE","","json/videos-cursos.json"
"quimica","Química","6","Reacciones químicas y estequiometría","40","PENDIENTE","","json/videos-cursos.json"
"quimica","Química","7","Estados de la materia","40","PENDIENTE","","json/videos-cursos.json"
"quimica","Química","8","Química orgánica","40","PENDIENTE","","json/videos-cursos.json"
"rm","Razonamiento Matemático","1","Organización y orden de la información","40","LISTO","https://youtu.be/kOkIUuQ8gm0","json/videos-cursos.json"
"rm","Razonamiento Matemático","2","Razonamiento lógico","40","LISTO","https://www.youtube.com/watch?v=bjALESEAoZk&t=2349s","json/videos-cursos.json"
"rm","Razonamiento Matemático","3","Conteo de figuras","40","LISTO","https://youtu.be/mmw9ojvIHnA","json/videos-cursos.json"
"rm","Razonamiento Matemático","4","Análisis combinatorio","40","LISTO","https://youtu.be/bTGrYmpzkIY","json/videos-cursos.json"
"rm","Razonamiento Matemático","5","Sucesiones","40","LISTO","https://youtu.be/6lL5RZrqqfw","json/videos-cursos.json"
"rm","Razonamiento Matemático","6","Analogías y distribuciones","40","LISTO","https://youtu.be/fgf3slCieyg","json/videos-cursos.json"
"rm","Razonamiento Matemático","7","Operadores matemáticos","40","LISTO","https://youtu.be/X-S7yk6LGn4","json/videos-cursos.json"
"rm","Razonamiento Matemático","8","Planteo y resolución mediante ecuaciones","40","LISTO","https://youtu.be/veBhc1BUxds","json/videos-cursos.json"
"rm","Razonamiento Matemático","9","Áreas y perímetros","40","LISTO","https://youtu.be/psCvCf_AqAw","json/videos-cursos.json"
"rm","Razonamiento Matemático","10","Problemas lúdicos y mecánicos","40","LISTO","https://www.youtube.com/watch?v=obzl-zCFW74","json/videos-cursos.json"
"rv","Razonamiento Verbal","1","Semántica de la palabra","40","PENDIENTE","","json/videos-cursos.json"
"rv","Razonamiento Verbal","2","Sinonimia y antonimia contextual","40","PENDIENTE","","json/videos-cursos.json"
"rv","Razonamiento Verbal","3","Analogías verbales","40","PENDIENTE","","json/videos-cursos.json"
"rv","Razonamiento Verbal","4","Término excluido y series verbales","40","PENDIENTE","","json/videos-cursos.json"
"rv","Razonamiento Verbal","5","Cohesión y coherencia del texto","40","PENDIENTE","","json/videos-cursos.json"
"rv","Razonamiento Verbal","6","Conectores lógicos y referentes","40","PENDIENTE","","json/videos-cursos.json"
"rv","Razonamiento Verbal","7","Oraciones incompletas","40","PENDIENTE","","json/videos-cursos.json"
"rv","Razonamiento Verbal","8","Eliminación de oraciones","40","PENDIENTE","","json/videos-cursos.json"
"rv","Razonamiento Verbal","9","Plan de redacción","40","PENDIENTE","","json/videos-cursos.json"
"trigonometria","Trigonometría","1","Sistemas de medida angular","40","PENDIENTE","","json/videos-cursos.json"
"trigonometria","Trigonometría","2","Razones trigonométricas","40","PENDIENTE","","json/videos-cursos.json"
"trigonometria","Trigonometría","3","Reducción al primer cuadrante","40","PENDIENTE","","json/videos-cursos.json"
"trigonometria","Trigonometría","4","Funciones trigonométricas","40","PENDIENTE","","json/videos-cursos.json"
"trigonometria","Trigonometría","5","Identidades trigonométricas","40","PENDIENTE","","json/videos-cursos.json"
"trigonometria","Trigonometría","6","Ecuaciones e inecuaciones trigonométricas","40","PENDIENTE","","json/videos-cursos.json"
"trigonometria","Trigonometría","7","Resolución de triángulos oblicuángulos","40","PENDIENTE","","json/videos-cursos.json"
